Question,response
What is the total sales amount for all orders?,"{'response': {'id': 'msg_bdrk_01PpydUkCZ3PSQ68wYtAQKSr', 'type': 'message', 'role': 'assistant', 'model': 'claude-3-5-sonnet-20240620', 'content': [{'type': 'text', 'text': '[\n  {\n    ""type"": ""nl_to_sql"",\n    ""current_task"": ""Generate SQL query to calculate total sales amount for all orders""\n  }\n]'}], 'stop_reason': 'end_turn', 'stop_sequence': None, 'usage': {'input_tokens': 285, 'output_tokens': 44}}}"
What is our company's definition of slow-moving inventory according to the Inventory Management policy?,"{'response': {'id': 'msg_bdrk_01VkjAER1Thw6ZX2gAKin1wK', 'type': 'message', 'role': 'assistant', 'model': 'claude-3-5-sonnet-20240620', 'content': [{'type': 'text', 'text': '[\n  {\n    ""type"": ""rag"",\n    ""current_task"": ""Search for and retrieve the Inventory Management policy document""\n  },\n  {\n    ""type"": ""rag"",\n    ""current_task"": ""Extract the definition of slow-moving inventory from the Inventory Management policy""\n  },\n  {\n    ""type"": ""generate_response"",\n    ""current_task"": ""Summarize and present the company\'s definition of slow-moving inventory based on the extracted information""\n  }\n]'}], 'stop_reason': 'end_turn', 'stop_sequence': None, 'usage': {'input_tokens': 294, 'output_tokens': 122}}}"
What are the required steps for handling obsolete inventory write-offs?,"{'response': {'id': 'msg_bdrk_01HiwTarcYP48EpaTwiPrWeJ', 'type': 'message', 'role': 'assistant', 'model': 'claude-3-5-sonnet-20240620', 'content': [{'type': 'text', 'text': '[\n  {\n    ""type"": ""rag"",\n    ""current_task"": ""Retrieve policy documents related to obsolete inventory write-offs""\n  },\n  {\n    ""type"": ""rag"",\n    ""current_task"": ""Extract the required steps for handling obsolete inventory write-offs from the retrieved documents""\n  },\n  {\n    ""type"": ""nl_to_sql"",\n    ""current_task"": ""Generate SQL query to retrieve current inventory data""\n  },\n  {\n    ""type"": ""generate_response"",\n    ""current_task"": ""Combine the extracted steps from policy documents with the inventory data to provide a comprehensive response on handling obsolete inventory write-offs""\n  }\n]'}], 'stop_reason': 'end_turn', 'stop_sequence': None, 'usage': {'input_tokens': 289, 'output_tokens': 167}}}"
What sustainability practices should our logistics partners follow according to our Environmental Sustainability policy?,"{'response': {'id': 'msg_bdrk_0179yJ6kkG2YnYmyGkEWzUms', 'type': 'message', 'role': 'assistant', 'model': 'claude-3-5-sonnet-20240620', 'content': [{'type': 'text', 'text': '[\n  {\n    ""type"": ""rag"",\n    ""current_task"": ""Retrieve the Environmental Sustainability policy document""\n  },\n  {\n    ""type"": ""rag"",\n    ""current_task"": ""Extract sustainability practices for logistics partners from the Environmental Sustainability policy""\n  },\n  {\n    ""type"": ""generate_response"",\n    ""current_task"": ""Summarize and present the extracted sustainability practices for logistics partners""\n  }\n]'}], 'stop_reason': 'end_turn', 'stop_sequence': None, 'usage': {'input_tokens': 291, 'output_tokens': 111}}}"
What criteria do we use to qualify new suppliers based on our Supplier Selection policy?,"{'response': {'id': 'msg_bdrk_01P46mYypFwFbgk6bhWydvPz', 'type': 'message', 'role': 'assistant', 'model': 'claude-3-5-sonnet-20240620', 'content': [{'type': 'text', 'text': '[\n  {\n    ""type"": ""rag"",\n    ""current_task"": ""Retrieve the Supplier Selection policy document""\n  },\n  {\n    ""type"": ""rag"",\n    ""current_task"": ""Extract criteria for qualifying new suppliers from the Supplier Selection policy""\n  },\n  {\n    ""type"": ""generate_response"",\n    ""current_task"": ""Summarize and present the criteria used to qualify new suppliers based on the Supplier Selection policy""\n  }\n]'}], 'stop_reason': 'end_turn', 'stop_sequence': None, 'usage': {'input_tokens': 292, 'output_tokens': 118}}}"
How does our Returns and Reverse Logistics policy handle customer claims for damaged products?,"{'response': {'id': 'msg_bdrk_01YTocDEcRDTXSY9dXDncVcx', 'type': 'message', 'role': 'assistant', 'model': 'claude-3-5-sonnet-20240620', 'content': [{'type': 'text', 'text': '[\n  {\n    ""type"": ""rag"",\n    ""current_task"": ""Retrieve the Returns and Reverse Logistics policy document""\n  },\n  {\n    ""type"": ""rag"",\n    ""current_task"": ""Extract information about handling customer claims for damaged products from the policy""\n  },\n  {\n    ""type"": ""generate_response"",\n    ""current_task"": ""Summarize the policy\'s approach to handling customer claims for damaged products""\n  }\n]'}], 'stop_reason': 'end_turn', 'stop_sequence': None, 'usage': {'input_tokens': 292, 'output_tokens': 116}}}"
What are the key performance indicators for measuring supplier performance as defined in our Performance Measurement policy?,"{'response': {'id': 'msg_bdrk_01VawwJW1zwgS9V19YfpYuQg', 'type': 'message', 'role': 'assistant', 'model': 'claude-3-5-sonnet-20240620', 'content': [{'type': 'text', 'text': '[\n  {\n    ""type"": ""rag"",\n    ""current_task"": ""Retrieve the Performance Measurement policy document""\n  },\n  {\n    ""type"": ""rag"",\n    ""current_task"": ""Extract key performance indicators for measuring supplier performance from the Performance Measurement policy""\n  },\n  {\n    ""type"": ""generate_response"",\n    ""current_task"": ""Summarize the key performance indicators for measuring supplier performance as defined in the Performance Measurement policy""\n  }\n]'}], 'stop_reason': 'end_turn', 'stop_sequence': None, 'usage': {'input_tokens': 294, 'output_tokens': 120}}}"
What cyber security measures must be implemented to protect supply chain data according to our Data Security policy?,"{'response': {'id': 'msg_bdrk_016ziodSciKCvArEmDFncQxu', 'type': 'message', 'role': 'assistant', 'model': 'claude-3-5-sonnet-20240620', 'content': [{'type': 'text', 'text': '[\n  {\n    ""type"": ""rag"",\n    ""current_task"": ""Retrieve the Data Security policy document related to supply chain data protection""\n  },\n  {\n    ""type"": ""rag"",\n    ""current_task"": ""Extract specific cyber security measures for protecting supply chain data from the Data Security policy""\n  },\n  {\n    ""type"": ""generate_response"",\n    ""current_task"": ""Summarize and present the extracted cyber security measures for supply chain data protection""\n  }\n]'}], 'stop_reason': 'end_turn', 'stop_sequence': None, 'usage': {'input_tokens': 294, 'output_tokens': 122}}}"
What was the total sales amount for the Southwest region in the last quarter?,"{'response': {'id': 'msg_bdrk_01RdnoFakqGdp6hJSYS9d3FH', 'type': 'message', 'role': 'assistant', 'model': 'claude-3-5-sonnet-20240620', 'content': [{'type': 'text', 'text': '[\n  {\n    ""type"": ""nl_to_sql"",\n    ""current_task"": ""Generate SQL query to calculate total sales amount for the Southwest region in the last quarter""\n  },\n  {\n    ""type"": ""generate_response"",\n    ""current_task"": ""Summarize the results of the SQL query to answer the user\'s question about total sales amount for the Southwest region in the last quarter""\n  }\n]'}], 'stop_reason': 'end_turn', 'stop_sequence': None, 'usage': {'input_tokens': 290, 'output_tokens': 101}}}"
Which products have the highest profit margin across all categories?,"{'response': {'id': 'msg_bdrk_01JTFFdNzu5m9DrUGRvZDeXh', 'type': 'message', 'role': 'assistant', 'model': 'claude-3-5-sonnet-20240620', 'content': [{'type': 'text', 'text': '[\n  {\n    ""type"": ""nl_to_sql"",\n    ""current_task"": ""Generate SQL query to calculate profit margin for each product across all categories""\n  },\n  {\n    ""type"": ""nl_to_sql"",\n    ""current_task"": ""Generate SQL query to rank products by profit margin in descending order""\n  },\n  {\n    ""type"": ""nl_to_sql"",\n    ""current_task"": ""Generate SQL query to select top products with highest profit margin""\n  },\n  {\n    ""type"": ""generate_response"",\n    ""current_task"": ""Summarize the results and present the products with the highest profit margin across all categories""\n  }\n]'}], 'stop_reason': 'end_turn', 'stop_sequence': None, 'usage': {'input_tokens': 286, 'output_tokens': 166}}}"
Which shipping mode has the lowest rate of on-time deliveries?,"{'response': {'id': 'msg_bdrk_01QKHQjk416omXo9wacewN37', 'type': 'message', 'role': 'assistant', 'model': 'claude-3-5-sonnet-20240620', 'content': [{'type': 'text', 'text': '[\n  {\n    ""type"": ""nl_to_sql"",\n    ""current_task"": ""Generate SQL query to calculate on-time delivery rates for each shipping mode""\n  },\n  {\n    ""type"": ""generate_response"",\n    ""current_task"": ""Analyze the SQL results to determine which shipping mode has the lowest rate of on-time deliveries""\n  }\n]'}], 'stop_reason': 'end_turn', 'stop_sequence': None, 'usage': {'input_tokens': 289, 'output_tokens': 92}}}"
Who are our top 10 customers by total order value?,"{'response': {'id': 'msg_bdrk_01JV93KeTx2EFiGZCrViLbKs', 'type': 'message', 'role': 'assistant', 'model': 'claude-3-5-sonnet-20240620', 'content': [{'type': 'text', 'text': '[\n  {\n    ""type"": ""nl_to_sql"",\n    ""current_task"": ""Generate SQL query to retrieve top 10 customers by total order value""\n  }\n]'}], 'stop_reason': 'end_turn', 'stop_sequence': None, 'usage': {'input_tokens': 288, 'output_tokens': 47}}}"
What is the average time between order date and shipping date by country?,"{'response': {'id': 'msg_bdrk_011w8b16JqiSMM1tPrQUr96G', 'type': 'message', 'role': 'assistant', 'model': 'claude-3-5-sonnet-20240620', 'content': [{'type': 'text', 'text': '[\n  {\n    ""type"": ""nl_to_sql"",\n    ""current_task"": ""Generate SQL query to calculate average time between order date and shipping date by country""\n  },\n  {\n    ""type"": ""generate_response"",\n    ""current_task"": ""Interpret SQL results and provide a summary of average shipping times by country""\n  }\n]'}], 'stop_reason': 'end_turn', 'stop_sequence': None, 'usage': {'input_tokens': 289, 'output_tokens': 87}}}"
Which product categories have shown declining sales over the past three quarters?,"{'response': {'id': 'msg_bdrk_01J9xuNYteQNzUBga4G1zDsM', 'type': 'message', 'role': 'assistant', 'model': 'claude-3-5-sonnet-20240620', 'content': [{'type': 'text', 'text': '[\n  {\n    ""type"": ""nl_to_sql"",\n    ""current_task"": ""Generate SQL query to retrieve product categories with declining sales over the past three quarters""\n  },\n  {\n    ""type"": ""generate_response"",\n    ""current_task"": ""Summarize the results of the SQL query, highlighting product categories with declining sales""\n  }\n]'}], 'stop_reason': 'end_turn', 'stop_sequence': None, 'usage': {'input_tokens': 288, 'output_tokens': 89}}}"
What is the distribution of orders by customer segment and region?,"{'response': {'id': 'msg_bdrk_01JtwpEyNSbQ6MFRgmtHSnci', 'type': 'message', 'role': 'assistant', 'model': 'claude-3-5-sonnet-20240620', 'content': [{'type': 'text', 'text': '[\n  {\n    ""type"": ""nl_to_sql"",\n    ""current_task"": ""Generate SQL query to count orders by customer segment and region""\n  },\n  {\n    ""type"": ""generate_response"",\n    ""current_task"": ""Interpret SQL results and provide a summary of the distribution of orders by customer segment and region""\n  }\n]'}], 'stop_reason': 'end_turn', 'stop_sequence': None, 'usage': {'input_tokens': 287, 'output_tokens': 87}}}"
"Which inventory items qualify as ""no-movers"" according to our policy, and what is their total current value?","{'response': {'id': 'msg_bdrk_01Qe6bmZW1BLD1q3ustafjXS', 'type': 'message', 'role': 'assistant', 'model': 'claude-3-5-sonnet-20240620', 'content': [{'type': 'text', 'text': '[\n  {\n    ""type"": ""rag"",\n    ""current_task"": ""Retrieve the definition and criteria for \'no-movers\' from the inventory policy documents""\n  },\n  {\n    ""type"": ""nl_to_sql"",\n    ""current_task"": ""Generate SQL query to identify inventory items meeting the \'no-mover\' criteria and calculate their total current value""\n  },\n  {\n    ""type"": ""generate_response"",\n    ""current_task"": ""Combine the policy definition and SQL query results to provide a comprehensive answer about \'no-mover\' inventory items and their total value""\n  }\n]'}], 'stop_reason': 'end_turn', 'stop_sequence': None, 'usage': {'input_tokens': 299, 'output_tokens': 152}}}"
"Are there any suppliers who don't meet our minimum ethical sourcing requirements as defined in our Supplier Code of Conduct, and what percentage of our total spend do they represent?","{'response': {'id': 'msg_bdrk_01DEyLZzXJcQeHNSKLSQnFDJ', 'type': 'message', 'role': 'assistant', 'model': 'claude-3-5-sonnet-20240620', 'content': [{'type': 'text', 'text': '[\n  {\n    ""type"": ""rag"",\n    ""current_task"": ""Retrieve the Supplier Code of Conduct document and extract the minimum ethical sourcing requirements""\n  },\n  {\n    ""type"": ""nl_to_sql"",\n    ""current_task"": ""Generate SQL query to identify suppliers not meeting the minimum ethical sourcing requirements and calculate their total spend""\n  },\n  {\n    ""type"": ""nl_to_sql"",\n    ""current_task"": ""Generate SQL query to calculate the total spend across all suppliers""\n  },\n  {\n    ""type"": ""generate_response"",\n    ""current_task"": ""Calculate the percentage of total spend represented by suppliers not meeting requirements and formulate the final response""\n  }\n]'}], 'stop_reason': 'end_turn', 'stop_sequence': None, 'usage': {'input_tokens': 311, 'output_tokens': 175}}}"
"Based on our Product Quality Assurance standards, which products had the highest number of quality-related returns in the past year?","{'response': {'id': 'msg_bdrk_01GywJbsDzUo6nozrESnw6ja', 'type': 'message', 'role': 'assistant', 'model': 'claude-3-5-sonnet-20240620', 'content': [{'type': 'text', 'text': '[\n  {\n    ""type"": ""nl_to_sql"",\n    ""current_task"": ""Generate SQL query to retrieve products with the highest number of quality-related returns in the past year""\n  },\n  {\n    ""type"": ""generate_response"",\n    ""current_task"": ""Summarize the results of the SQL query, highlighting the products with the highest number of quality-related returns""\n  }\n]'}], 'stop_reason': 'end_turn', 'stop_sequence': None, 'usage': {'input_tokens': 301, 'output_tokens': 99}}}"
"According to our Transportation and Logistics policy, are we using the optimal shipping modes for high-value orders to international destinations?","{'response': {'id': 'msg_bdrk_01YCHtJhCDH4g7srXdsjexr7', 'type': 'message', 'role': 'assistant', 'model': 'claude-3-5-sonnet-20240620', 'content': [{'type': 'text', 'text': '[\n  {\n    ""type"": ""rag"",\n    ""current_task"": ""Retrieve Transportation and Logistics policy document""\n  },\n  {\n    ""type"": ""rag"",\n    ""current_task"": ""Extract information about optimal shipping modes for high-value international orders""\n  },\n  {\n    ""type"": ""nl_to_sql"",\n    ""current_task"": ""Generate SQL query to retrieve current shipping modes used for high-value international orders""\n  },\n  {\n    ""type"": ""generate_response"",\n    ""current_task"": ""Compare policy recommendations with current practices and assess if optimal shipping modes are being used""\n  }\n]'}], 'stop_reason': 'end_turn', 'stop_sequence': None, 'usage': {'input_tokens': 300, 'output_tokens': 156}}}"
"Which products that are classified as ""hazardous materials"" according to our HSE policy are currently being stored in facilities not certified for such materials?","{'response': {'id': 'msg_bdrk_01JREtKMgra3D36vK1Ko2kXh', 'type': 'message', 'role': 'assistant', 'model': 'claude-3-5-sonnet-20240620', 'content': [{'type': 'text', 'text': '[\n  {\n    ""type"": ""rag"",\n    ""current_task"": ""Retrieve the HSE policy document detailing hazardous materials classification""\n  },\n  {\n    ""type"": ""rag"",\n    ""current_task"": ""Extract the criteria for classifying products as hazardous materials from the HSE policy""\n  },\n  {\n    ""type"": ""nl_to_sql"",\n    ""current_task"": ""Generate SQL query to identify products classified as hazardous materials based on the extracted criteria""\n  },\n  {\n    ""type"": ""rag"",\n    ""current_task"": ""Retrieve information on facilities certified for storing hazardous materials""\n  },\n  {\n    ""type"": ""nl_to_sql"",\n    ""current_task"": ""Generate SQL query to identify hazardous materials currently stored in non-certified facilities""\n  },\n  {\n    ""type"": ""generate_response"",\n    ""current_task"": ""Compile and present the final list of hazardous materials stored in non-certified facilities""\n  }\n]'}], 'stop_reason': 'end_turn', 'stop_sequence': None, 'usage': {'input_tokens': 305, 'output_tokens': 251}}}"
